DATE,#GUESTS,DAILY SALES
"04-Oct, 2008",740,"$6,392.09"
"05-Oct, 2008",595,"$5,095.31"
"06-Oct, 2008",350,"$2,903.30"
"07-Oct, 2008",324,"$2,646.62"
"08-Oct, 2008",352,"$3,097.27"
"09-Oct, 2008",370,"$3,099.53"
"10-Oct, 2008",675,"$6,021.36"
"11-Oct, 2008",596,"$4,987.08"
"12-Oct, 2008",554,"$4,829.67"
"13-Oct, 2008",335,"$2,820.98"
"14-Oct, 2008",396,"$3,242.96"
"15-Oct, 2008",380,"$3,172.58"
"16-Oct, 2008",482,"$4,060.04"
"17-Oct, 2008",624,"$5,366.26"
"18-Oct, 2008",784,"$6,801.61"
"19-Oct, 2008",542,"$4,738.49"
"20-Oct, 2008",347,"$2,949.21"
"21-Oct, 2008",372,"$3,130.10"
"22-Oct, 2008",439,"$3,711.48"
"23-Oct, 2008",458,"$3,958.27"
"24-Oct, 2008",530,"$4,607.36"
"25-Oct, 2008",659,"$5,707.65"
"26-Oct, 2008",548,"$4,754.59"
"27-Oct, 2008",342,"$2,885.72"
"28-Oct, 2008",402,"$3,306.33"
"29-Oct, 2008",408,"$3,393.87"
"30-Oct, 2008",495,"$4,134.30"
"31-Oct, 2008",592,"$4,835.79"
"01-Nov, 2008",721,"$6,140.26"
"02-Nov, 2008",611,"$5,315.09"
"03-Nov, 2008",372,"$3,063.58"
"04-Nov, 2008",378,"$3,036.77"
"05-Nov, 2008",453,"$3,677.16"
"06-Nov, 2008",472,"$3,851.74"
"07-Nov, 2008",805,"$6,769.94"
"08-Nov, 2008",838,"$7,497.44"
"09-Nov, 2008",543,"$4,684.16"
"10-Nov, 2008",367,"$2,979.87"
"11-Nov, 2008",408,"$3,253.67"
"12-Nov, 2008",391,"$3,069.09"
"13-Nov, 2008",333,"$2,673.72"
"14-Nov, 2008",703,"$6,109.48"
"15-Nov, 2008",659,"$5,393.25"
"16-Nov, 2008",564,"$4,903.43"
"17-Nov, 2008",291,"$2,462.22"
"18-Nov, 2008",339,"$2,891.93"
"19-Nov, 2008",385,"$3,213.76"
"20-Nov, 2008",435,"$3,654.89"
"21-Nov, 2008",644,"$5,591.98"
"22-Nov, 2008",569,"$4,942.40"
"23-Nov, 2008",533,"$4,825.16"
"24-Nov, 2008",337,"$2,837.18"
"25-Nov, 2008",369,"$3,170.21"
"26-Nov, 2008",457,"$3,896.00"
"28-Nov, 2008",356,"$2,912.81"
"29-Nov, 2008",665,"$5,956.81"
"30-Nov, 2008",500,"$4,353.67"
"01-Dec, 2008",352,"$2,906.44"
"02-Dec, 2008",291,"$2,427.27"
"03-Dec, 2008",453,"$3,871.69"
"04-Dec, 2008",406,"$3,510.23"
"05-Dec, 2008",594,"$5,209.22"
"06-Dec, 2008",722,"$6,235.32"
"07-Dec, 2008",555,"$4,872.43"
"08-Dec, 2008",287,"$2,429.32"
"09-Dec, 2008",361,"$3,012.56"
"10-Dec, 2008",343,"$2,973.46"
"11-Dec, 2008",420,"$3,537.08"
"12-Dec, 2008",618,"$5,626.76"
"13-Dec, 2008",624,"$5,501.71"
"14-Dec, 2008",435,"$3,809.37"
"15-Dec, 2008",322,"$2,716.54"
"16-Dec, 2008",361,"$3,048.32"
"17-Dec, 2008",373,"$3,263.78"
"18-Dec, 2008",398,"$3,395.59"
"19-Dec, 2008",654,"$5,798.52"
"20-Dec, 2008",667,"$5,834.34"
"21-Dec, 2008",416,"$3,709.02"
"22-Dec, 2008",453,"$4,091.25"
"23-Dec, 2008",394,"$3,309.94"
"24-Dec, 2008",386,"$3,359.76"
"26-Dec, 2008",471,"$3,957.66"
"27-Dec, 2008",327,"$2,828.09"
"28-Dec, 2008",559,"$5,053.91"
"29-Dec, 2008",534,"$4,527.93"
"30-Dec, 2008",501,"$4,161.25"
"31-Dec, 2008",719,"$6,358.22"
"01-Jan, 2009",499,"$4,261.33"
"02-Jan, 2009",646,"$5,620.84"
"03-Jan, 2009",539,"$4,695.56"
"04-Jan, 2009",557,"$4,889.50"
"05-Jan, 2009",197,"$1,678.96"
"06-Jan, 2009",252,"$2,153.25"
"07-Jan, 2009",329,"$2,866.08"
"08-Jan, 2009",373,"$3,226.29"
"09-Jan, 2009",721,"$6,473.79"
"10-Jan, 2009",703,"$6,233.71"
"11-Jan, 2009",434,"$3,816.93"
"12-Jan, 2009",325,"$2,787.70"
"13-Jan, 2009",285,"$2,398.62"
"14-Jan, 2009",345,"$2,992.04"
"15-Jan, 2009",465,"$4,027.62"
"16-Jan, 2009",707,"$6,281.76"
"17-Jan, 2009",705,"$6,228.31"
"18-Jan, 2009",477,"$4,191.86"
"19-Jan, 2009",487,"$4,000.61"
"20-Jan, 2009",242,"$2,053.99"
"21-Jan, 2009",349,"$2,898.37"
"22-Jan, 2009",357,"$2,980.05"
"23-Jan, 2009",654,"$5,873.85"
"24-Jan, 2009",752,"$6,666.49"
"25-Jan, 2009",518,"$4,644.31"
"26-Jan, 2009",291,"$2,499.43"
"27-Jan, 2009",235,"$2,055.10"
"28-Jan, 2009",352,"$2,968.86"
"29-Jan, 2009",455,"$3,946.56"
"30-Jan, 2009",711,"$6,252.97"
"31-Jan, 2009",701,"$6,202.59"
"01-Feb, 2009",340,"$2,989.94"
"02-Feb, 2009",283,"$2,320.40"
"03-Feb, 2009",344,"$2,865.48"
"04-Feb, 2009",393,"$3,409.22"
"05-Feb, 2009",395,"$3,323.54"
"06-Feb, 2009",672,"$6,003.77"
"07-Feb, 2009",669,"$5,913.52"
"08-Feb, 2009",526,"$4,789.09"
"09-Feb, 2009",224,"$1,994.79"
"10-Feb, 2009",357,"$3,147.52"
"11-Feb, 2009",317,"$2,839.89"
"12-Feb, 2009",474,"$4,283.60"
"13-Feb, 2009",784,"$7,556.84"
"14-Feb, 2009",1043,"$10,460.12"
"22-Feb, 2009",594,"$5,513.73"
"23-Feb, 2009",340,"$2,884.66"
"24-Feb, 2009",321,"$2,839.60"
"25-Feb, 2009",403,"$3,517.35"
"26-Feb, 2009",342,"$2,919.21"
"27-Feb, 2009",759,"$7,009.70"
"28-Feb, 2009",717,"$6,287.57"
"01-Mar, 2009",627,"$5,658.21"
"02-Mar, 2009",270,"$2,362.55"
"03-Mar, 2009",369,"$3,279.29"
"04-Mar, 2009",384,"$3,310.24"
"05-Mar, 2009",438,"$3,860.41"
"06-Mar, 2009",707,"$6,472.22"
"07-Mar, 2009",773,"$6,682.51"
"08-Mar, 2009",436,"$4,045.56"
"09-Mar, 2009",350,"$3,088.88"
"10-Mar, 2009",331,"$2,910.65"
"11-Mar, 2009",343,"$2,979.96"
"12-Mar, 2009",424,"$3,704.86"
"13-Mar, 2009",671,"$6,066.32"
"14-Mar, 2009",844,"$6,628.26"
"15-Mar, 2009",456,"$4,047.23"
"16-Mar, 2009",277,"$2,298.27"
"17-Mar, 2009",307,"$2,539.94"
"18-Mar, 2009",337,"$2,851.39"
"19-Mar, 2009",391,"$3,383.33"
"20-Mar, 2009",637,"$5,539.59"
"21-Mar, 2009",719,"$6,362.34"
"22-Mar, 2009",503,"$4,581.86"
"23-Mar, 2009",288,"$2,444.64"
"24-Mar, 2009",316,"$2,643.62"
"25-Mar, 2009",491,"$4,177.22"
"26-Mar, 2009",333,"$2,754.30"
"27-Mar, 2009",642,"$5,785.65"
"28-Mar, 2009",554,"$4,872.48"
"29-Mar, 2009",459,"$4,065.15"
"30-Mar, 2009",320,"$2,780.10"
"31-Mar, 2009",331,"$2,827.16"
"01-Apr, 2009",373,"$3,245.15"
"02-Apr, 2009",401,"$3,359.35"
"03-Apr, 2009",733,"$6,511.88"
"04-Apr, 2009",664,"$5,846.07"
"05-Apr, 2009",524,"$4,789.93"
"06-Apr, 2009",298,"$2,525.53"
"07-Apr, 2009",298,"$2,555.13"
"08-Apr, 2009",349,"$2,884.29"
"09-Apr, 2009",440,"$3,776.42"
"10-Apr, 2009",786,"$7,094.59"
"11-Apr, 2009",687,"$6,041.96"
"12-Apr, 2009",442,"$4,049.63"
"13-Apr, 2009",256,"$2,158.29"
"14-Apr, 2009",366,"$3,093.45"
"15-Apr, 2009",390,"$3,376.74"
"16-Apr, 2009",477,"$4,082.42"
"17-Apr, 2009",618,"$5,745.93"
"18-Apr, 2009",593,"$5,348.57"
"19-Apr, 2009",517,"$4,658.56"
"20-Apr, 2009",326,"$2,715.39"
"21-Apr, 2009",319,"$2,670.67"
"22-Apr, 2009",387,"$3,486.32"
"23-Apr, 2009",417,"$3,701.29"
"24-Apr, 2009",592,"$5,527.32"
"25-Apr, 2009",665,"$6,138.98"
"26-Apr, 2009",517,"$4,857.18"
"27-Apr, 2009",303,"$2,639.36"
"28-Apr, 2009",243,"$2,141.94"
"29-Apr, 2009",337,"$3,035.60"
"30-Apr, 2009",399,"$3,575.78"
"01-May, 2009",696,"$6,713.91"
"02-May, 2009",726,"$6,805.86"
"03-May, 2009",506,"$4,807.96"
"04-May, 2009",301,"$2,715.21"
"05-May, 2009",273,"$2,486.19"
"06-May, 2009",336,"$3,117.52"
"07-May, 2009",392,"$3,498.54"
"08-May, 2009",729,"$6,985.93"
"09-May, 2009",730,"$6,915.44"
"10-May, 2009",909,"$9,274.36"
"11-May, 2009",205,"$1,835.55"
"12-May, 2009",274,"$2,347.93"
"13-May, 2009",405,"$3,663.84"
"14-May, 2009",393,"$3,418.84"
"15-May, 2009",586,"$5,488.87"
"16-May, 2009",664,"$5,891.46"
"17-May, 2009",608,"$5,507.39"
"18-May, 2009",343,"$2,974.26"
"19-May, 2009",276,"$2,365.19"
"20-May, 2009",343,"$2,912.06"
"21-May, 2009",394,"$3,460.35"
"22-May, 2009",624,"$5,645.45"
"23-May, 2009",533,"$4,586.39"
"24-May, 2009",480,"$4,371.83"
"25-May, 2009",359,"$3,036.39"
"26-May, 2009",275,"$2,270.19"
"27-May, 2009",310,"$2,675.99"
"28-May, 2009",424,"$3,651.85"
"29-May, 2009",629,"$5,652.23"
"30-May, 2009",671,"$5,881.15"
"31-May, 2009",525,"$4,741.66"
"01-Jun, 2009",298,"$2,565.86"
"02-Jun, 2009",351,"$3,010.41"
"03-Jun, 2009",416,"$3,501.49"
"04-Jun, 2009",439,"$3,651.92"
"05-Jun, 2009",657,"$5,788.45"
"06-Jun, 2009",586,"$5,144.50"
"07-Jun, 2009",462,"$4,170.04"
"08-Jun, 2009",354,"$3,071.80"
"09-Jun, 2009",367,"$3,221.99"
"10-Jun, 2009",391,"$3,390.47"
"11-Jun, 2009",395,"$3,441.41"
"12-Jun, 2009",567,"$5,017.57"
"13-Jun, 2009",522,"$4,555.20"
"14-Jun, 2009",470,"$4,228.14"
"15-Jun, 2009",392,"$3,341.40"
"16-Jun, 2009",352,"$2,984.66"
"17-Jun, 2009",382,"$3,258.52"
"18-Jun, 2009",417,"$3,469.49"
"19-Jun, 2009",634,"$5,538.59"
"20-Jun, 2009",601,"$5,365.89"
"21-Jun, 2009",859,"$8,159.14"
"22-Jun, 2009",342,"$2,891.62"
"23-Jun, 2009",310,"$2,712.45"
"24-Jun, 2009",315,"$2,553.45"
"25-Jun, 2009",448,"$3,902.12"
"26-Jun, 2009",608,"$5,348.76"
"27-Jun, 2009",636,"$5,516.26"
"28-Jun, 2009",576,"$4,991.40"
"29-Jun, 2009",391,"$3,184.48"
"30-Jun, 2009",346,"$2,991.17"
"01-Jul, 2009",417,"$3,582.46"
"02-Jul, 2009",429,"$3,695.71"
"03-Jul, 2009",602,"$5,102.27"
"04-Jul, 2009",304,"$2,588.46"
"05-Jul, 2009",433,"$3,818.13"
"06-Jul, 2009",347,"$2,814.62"
"07-Jul, 2009",366,"$3,163.69"
"08-Jul, 2009",412,"$3,489.33"
"09-Jul, 2009",397,"$3,222.01"
"10-Jul, 2009",716,"$6,141.12"
"11-Jul, 2009",539,"$4,653.44"
"12-Jul, 2009",568,"$4,934.89"
"13-Jul, 2009",314,"$2,501.29"
"14-Jul, 2009",352,"$2,886.54"
"15-Jul, 2009",398,"$3,398.74"
"16-Jul, 2009",478,"$3,830.85"
"17-Jul, 2009",666,"$5,818.01"
"18-Jul, 2009",622,"$5,416.83"
"19-Jul, 2009",566,"$4,925.25"
"20-Jul, 2009",364,"$3,049.38"
"21-Jul, 2009",362,"$3,038.98"
"22-Jul, 2009",383,"$3,163.43"
"23-Jul, 2009",489,"$4,095.79"
"24-Jul, 2009",601,"$5,183.98"
"25-Jul, 2009",620,"$5,269.79"
"26-Jul, 2009",623,"$5,013.99"
"27-Jul, 2009",467,"$3,612.92"
"28-Jul, 2009",504,"$4,053.49"
"29-Jul, 2009",448,"$3,488.18"
"30-Jul, 2009",494,"$3,931.12"
"31-Jul, 2009",719,"$5,975.28"
"01-Aug, 2009",711,"$5,960.66"
"02-Aug, 2009",692,"$5,850.62"
"03-Aug, 2009",390,"$3,037.63"
"04-Aug, 2009",412,"$3,332.32"
"05-Aug, 2009",449,"$3,701.75"
"06-Aug, 2009",527,"$4,312.22"
"07-Aug, 2009",687,"$5,834.31"
"08-Aug, 2009",659,"$5,498.99"
"09-Aug, 2009",637,"$5,269.32"
"10-Aug, 2009",370,"$2,933.75"
"11-Aug, 2009",471,"$3,686.46"
"12-Aug, 2009",497,"$4,080.07"
"13-Aug, 2009",439,"$3,554.13"
"14-Aug, 2009",725,"$6,117.54"
"15-Aug, 2009",631,"$5,298.13"
"16-Aug, 2009",535,"$4,621.77"
"17-Aug, 2009",379,"$3,122.81"
"18-Aug, 2009",373,"$2,964.36"
"19-Aug, 2009",436,"$3,474.03"
"20-Aug, 2009",360,"$2,857.19"
"21-Aug, 2009",597,"$4,989.54"
"22-Aug, 2009",616,"$5,010.70"
"23-Aug, 2009",485,"$4,048.81"
"24-Aug, 2009",396,"$3,268.97"
"25-Aug, 2009",301,"$2,393.58"
"26-Aug, 2009",412,"$3,308.82"
"27-Aug, 2009",402,"$3,280.12"
"28-Aug, 2009",598,"$4,900.74"
"29-Aug, 2009",584,"$4,790.06"
"30-Aug, 2009",482,"$4,057.68"
"31-Aug, 2009",361,"$2,991.70"
"01-Sep, 2009",282,"$2,393.03"
"02-Sep, 2009",343,"$2,924.41"
"03-Sep, 2009",298,"$2,563.72"
"04-Sep, 2009",462,"$4,000.98"
"05-Sep, 2009",454,"$3,874.50"
"06-Sep, 2009",399,"$3,595.32"
"07-Sep, 2009",462,"$3,666.24"
"08-Sep, 2009",302,"$2,399.50"
"09-Sep, 2009",382,"$3,175.06"
"10-Sep, 2009",421,"$3,119.31"
"11-Sep, 2009",669,"$5,204.88"
"12-Sep, 2009",520,"$3,957.97"
"13-Sep, 2009",535,"$4,053.79"
"14-Sep, 2009",299,"$2,351.61"
"15-Sep, 2009",286,"$2,232.25"
"16-Sep, 2009",398,"$3,148.36"
"17-Sep, 2009",395,"$3,106.49"
"18-Sep, 2009",540,"$4,269.43"
"19-Sep, 2009",648,"$5,105.60"
"20-Sep, 2009",528,"$4,141.74"
"21-Sep, 2009",382,"$3,009.42"
"22-Sep, 2009",376,"$2,893.06"
"23-Sep, 2009",427,"$3,242.44"
"24-Sep, 2009",458,"$3,560.70"
"25-Sep, 2009",616,"$4,906.77"
"26-Sep, 2009",561,"$4,389.43"
"27-Sep, 2009",559,"$4,526.64"
"28-Sep, 2009",355,"$2,756.03"
"29-Sep, 2009",334,"$2,657.50"
"30-Sep, 2009",395,"$2,944.39"
"01-Oct, 2009",408,"$3,012.55"
"02-Oct, 2009",770,"$6,002.78"
"03-Oct, 2009",511,"$4,072.53"
"04-Oct, 2009",621,"$4,792.27"
"05-Oct, 2009",366,"$2,772.81"
"06-Oct, 2009",431,"$3,282.42"
"07-Oct, 2009",451,"$3,471.16"
"08-Oct, 2009",534,"$4,031.91"
"09-Oct, 2009",728,"$5,478.42"
"10-Oct, 2009",605,"$4,597.21"
"11-Oct, 2009",474,"$3,782.33"
"12-Oct, 2009",354,"$2,621.10"
"13-Oct, 2009",381,"$2,814.79"
"14-Oct, 2009",299,"$2,275.60"
"15-Oct, 2009",482,"$3,760.25"
"16-Oct, 2009",697,"$5,306.54"
"17-Oct, 2009",717,"$5,342.43"
"18-Oct, 2009",620,"$4,893.06"
"19-Oct, 2009",408,"$3,077.44"
"20-Oct, 2009",399,"$3,143.46"
"21-Oct, 2009",403,"$3,152.49"
"22-Oct, 2009",453,"$3,384.89"
"23-Oct, 2009",649,"$5,163.19"
"24-Oct, 2009",665,"$5,557.84"
"25-Oct, 2009",546,"$4,243.07"
"26-Oct, 2009",269,"$2,058.10"
"27-Oct, 2009",394,"$3,071.52"
"28-Oct, 2009",296,"$2,343.10"
"29-Oct, 2009",381,"$3,062.66"
"30-Oct, 2009",663,"$5,355.08"
"31-Oct, 2009",459,"$3,763.06"
"01-Nov, 2009",510,"$4,203.79"
"02-Nov, 2009",324,"$2,686.13"
"03-Nov, 2009",384,"$3,353.20"
"04-Nov, 2009",416,"$3,608.96"
"05-Nov, 2009",431,"$3,642.84"
"06-Nov, 2009",551,"$4,845.52"
"07-Nov, 2009",765,"$6,881.45"
"08-Nov, 2009",514,"$4,636.55"
"09-Nov, 2009",274,"$2,373.53"
"10-Nov, 2009",345,"$2,848.52"
"11-Nov, 2009",434,"$3,866.74"
"12-Nov, 2009",433,"$3,827.98"
"13-Nov, 2009",674,"$6,017.70"
"14-Nov, 2009",573,"$5,056.61"
"15-Nov, 2009",571,"$5,174.93"
"16-Nov, 2009",286,"$2,443.39"
"17-Nov, 2009",361,"$3,181.09"
"18-Nov, 2009",318,"$2,876.40"
"19-Nov, 2009",360,"$3,265.60"
"20-Nov, 2009",555,"$5,065.68"
"21-Nov, 2009",630,"$5,707.16"
"22-Nov, 2009",413,"$3,772.20"
"23-Nov, 2009",313,"$2,702.70"
"24-Nov, 2009",286,"$2,485.90"
"25-Nov, 2009",452,"$4,039.40"
"27-Nov, 2009",285,"$2,423.68"
"28-Nov, 2009",469,"$4,136.23"
"29-Nov, 2009",477,"$4,190.92"
"30-Nov, 2009",311,"$2,755.64"
"01-Dec, 2009",341,"$3,026.97"
"02-Dec, 2009",368,"$3,228.15"
"03-Dec, 2009",345,"$3,032.29"
"04-Dec, 2009",705,"$6,379.99"
"05-Dec, 2009",524,"$4,742.35"
"06-Dec, 2009",465,"$4,190.62"
"07-Dec, 2009",194,"$1,732.55"
"08-Dec, 2009",271,"$2,359.67"
"09-Dec, 2009",283,"$2,483.00"
"10-Dec, 2009",339,"$3,002.91"
"11-Dec, 2009",614,"$5,733.15"
"12-Dec, 2009",451,"$4,006.60"
"13-Dec, 2009",462,"$4,256.48"
"14-Dec, 2009",331,"$2,996.24"
"15-Dec, 2009",321,"$2,952.90"
"16-Dec, 2009",318,"$2,881.91"
"17-Dec, 2009",386,"$3,415.29"
"18-Dec, 2009",637,"$6,009.84"
"19-Dec, 2009",635,"$5,752.60"
"20-Dec, 2009",556,"$5,176.72"
"21-Dec, 2009",463,"$3,976.89"
"22-Dec, 2009",371,"$3,315.47"
"23-Dec, 2009",450,"$4,061.29"
"24-Dec, 2009",543,"$5,014.27"
"26-Dec, 2009",492,"$4,363.02"
"27-Dec, 2009",448,"$4,049.97"
"28-Dec, 2009",421,"$3,523.06"
"29-Dec, 2009",351,"$3,034.52"
"30-Dec, 2009",312,"$2,750.70"
"31-Dec, 2009",558,"$4,985.74"
"01-Jan, 2010",445,"$4,094.40"
"02-Jan, 2010",591,"$5,203.31"
"03-Jan, 2010",496,"$4,440.25"
"04-Jan, 2010",202,"$1,717.10"
"05-Jan, 2010",308,"$2,713.97"
"06-Jan, 2010",327,"$2,818.89"
"07-Jan, 2010",347,"$2,987.05"
"08-Jan, 2010",658,"$5,923.16"
"09-Jan, 2010",570,"$5,033.67"
"10-Jan, 2010",564,"$5,101.19"
"11-Jan, 2010",275,"$2,361.96"
"12-Jan, 2010",299,"$2,543.26"
"13-Jan, 2010",255,"$2,282.61"
"14-Jan, 2010",359,"$3,211.13"
"15-Jan, 2010",618,"$5,549.35"
"16-Jan, 2010",545,"$4,900.32"
"17-Jan, 2010",448,"$3,981.17"
"18-Jan, 2010",352,"$3,083.83"
"19-Jan, 2010",287,"$2,508.71"
"20-Jan, 2010",354,"$3,137.83"
"21-Jan, 2010",352,"$3,151.05"
"22-Jan, 2010",614,"$5,463.80"
"23-Jan, 2010",594,"$5,330.27"
"24-Jan, 2010",424,"$3,784.71"
"25-Jan, 2010",325,"$2,906.70"
"26-Jan, 2010",308,"$2,644.03"
"27-Jan, 2010",353,"$3,106.58"
"28-Jan, 2010",344,"$3,094.11"
"29-Jan, 2010",587,"$5,439.98"
"30-Jan, 2010",678,"$6,075.05"
"31-Jan, 2010",428,"$3,864.48"
"01-Feb, 2010",352,"$3,152.67"
"02-Feb, 2010",359,"$3,125.88"
"03-Feb, 2010",336,"$2,999.36"
"04-Feb, 2010",375,"$3,340.03"
"05-Feb, 2010",727,"$6,438.21"
"06-Feb, 2010",643,"$5,784.70"
"07-Feb, 2010",337,"$2,993.29"
"08-Feb, 2010",241,"$2,072.29"
"09-Feb, 2010",301,"$2,580.30"
"10-Feb, 2010",344,"$3,127.97"
"11-Feb, 2010",367,"$3,255.66"
"12-Feb, 2010",724,"$6,781.92"
"13-Feb, 2010",858,"$7,915.76"
"14-Feb, 2010",735,"$7,299.98"
"15-Feb, 2010",412,"$3,480.62"
"16-Feb, 2010",290,"$2,616.43"
"17-Feb, 2010",389,"$3,527.61"
"18-Feb, 2010",310,"$2,642.25"
"19-Feb, 2010",590,"$5,368.60"
"20-Feb, 2010",754,"$6,570.83"
"21-Feb, 2010",524,"$4,784.55"
"22-Feb, 2010",322,"$2,737.78"
"23-Feb, 2010",289,"$2,432.36"
"24-Feb, 2010",292,"$2,492.63"
"25-Feb, 2010",417,"$3,625.78"
"26-Feb, 2010",648,"$5,839.56"
"27-Feb, 2010",777,"$6,984.01"
"28-Feb, 2010",513,"$4,555.85"
"01-Mar, 2010",312,"$2,683.52"
"02-Mar, 2010",306,"$2,705.74"
"03-Mar, 2010",412,"$3,626.39"
"04-Mar, 2010",426,"$3,743.97"
"05-Mar, 2010",748,"$6,881.57"
"06-Mar, 2010",829,"$7,273.55"
"07-Mar, 2010",608,"$5,374.23"
"08-Mar, 2010",256,"$2,267.62"
"09-Mar, 2010",323,"$2,777.01"
"10-Mar, 2010",430,"$3,798.05"
"11-Mar, 2010",359,"$3,179.33"
"12-Mar, 2010",627,"$5,609.68"
"13-Mar, 2010",729,"$6,751.60"
"14-Mar, 2010",577,"$5,196.81"
"15-Mar, 2010",285,"$2,416.74"
"16-Mar, 2010",296,"$2,612.84"
"17-Mar, 2010",392,"$3,356.41"
"18-Mar, 2010",285,"$2,416.77"
"19-Mar, 2010",695,"$6,322.54"
"20-Mar, 2010",680,"$6,058.78"
"21-Mar, 2010",525,"$4,766.65"
"22-Mar, 2010",311,"$2,795.35"
"23-Mar, 2010",348,"$3,084.36"
"24-Mar, 2010",370,"$3,318.83"
"25-Mar, 2010",404,"$3,599.22"
"26-Mar, 2010",675,"$6,281.37"
"27-Mar, 2010",687,"$6,132.53"
"28-Mar, 2010",525,"$4,845.47"
"29-Mar, 2010",320,"$2,762.32"
"30-Mar, 2010",375,"$3,263.61"
"31-Mar, 2010",323,"$2,981.59"
"01-Apr, 2010",425,"$3,869.79"
"02-Apr, 2010",707,"$6,571.51"
"03-Apr, 2010",510,"$4,610.51"
"04-Apr, 2010",463,"$4,332.24"
"05-Apr, 2010",283,"$2,467.33"
"06-Apr, 2010",402,"$3,608.65"
"07-Apr, 2010",406,"$3,688.96"
"08-Apr, 2010",441,"$3,962.62"
"09-Apr, 2010",863,"$7,884.28"
"10-Apr, 2010",639,"$5,801.20"
"11-Apr, 2010",624,"$5,884.86"
"12-Apr, 2010",273,"$2,518.97"
"13-Apr, 2010",318,"$2,740.82"
"14-Apr, 2010",448,"$3,990.02"
"15-Apr, 2010",421,"$3,877.66"
"16-Apr, 2010",709,"$6,464.25"
"17-Apr, 2010",720,"$6,529.52"
"18-Apr, 2010",591,"$5,425.76"
"19-Apr, 2010",240,"$2,116.80"
"20-Apr, 2010",326,"$2,825.94"
"21-Apr, 2010",387,"$3,545.25"
"22-Apr, 2010",354,"$3,146.31"
"23-Apr, 2010",731,"$6,774.20"
"24-Apr, 2010",744,"$6,672.66"
"25-Apr, 2010",501,"$4,701.68"
"26-Apr, 2010",288,"$2,606.68"
"27-Apr, 2010",371,"$3,375.02"
"28-Apr, 2010",383,"$3,392.44"
"29-Apr, 2010",421,"$3,794.62"
"30-Apr, 2010",773,"$7,112.44"
"01-May, 2010",800,"$7,279.39"
"02-May, 2010",516,"$4,793.36"
"03-May, 2010",303,"$2,673.99"
"04-May, 2010",305,"$2,672.52"
"05-May, 2010",364,"$3,298.98"
"06-May, 2010",440,"$3,918.29"
"07-May, 2010",617,"$5,650.95"
"08-May, 2010",788,"$7,091.56"
"09-May, 2010",1000,"$9,559.73"
"10-May, 2010",295,"$2,672.77"
"11-May, 2010",307,"$2,580.74"
"12-May, 2010",365,"$3,266.67"
"13-May, 2010",360,"$3,149.90"
"14-May, 2010",637,"$5,960.44"
"15-May, 2010",533,"$4,737.95"
"16-May, 2010",370,"$3,448.11"
"17-May, 2010",292,"$2,557.03"
"18-May, 2010",299,"$2,596.77"
"19-May, 2010",345,"$3,070.92"
"20-May, 2010",361,"$3,253.97"
"21-May, 2010",631,"$5,737.32"
"22-May, 2010",625,"$5,556.09"
"23-May, 2010",537,"$4,950.27"
"24-May, 2010",264,"$2,328.08"
"25-May, 2010",328,"$2,879.71"
"26-May, 2010",369,"$3,321.71"
"27-May, 2010",423,"$3,721.18"
"28-May, 2010",772,"$7,044.15"
"29-May, 2010",631,"$5,719.58"
"30-May, 2010",475,"$4,266.01"
"31-May, 2010",418,"$3,630.75"
"01-Jun, 2010",352,"$3,152.48"
"02-Jun, 2010",384,"$3,460.71"
"03-Jun, 2010",436,"$3,945.40"
"04-Jun, 2010",633,"$5,896.49"
"05-Jun, 2010",602,"$5,422.41"
"06-Jun, 2010",552,"$5,062.85"
"07-Jun, 2010",365,"$3,315.76"
"08-Jun, 2010",428,"$3,771.15"
"09-Jun, 2010",283,"$2,492.71"
"10-Jun, 2010",471,"$4,261.03"
"11-Jun, 2010",581,"$5,327.69"
"12-Jun, 2010",534,"$4,849.23"
"13-Jun, 2010",539,"$4,850.06"
"14-Jun, 2010",285,"$2,463.96"
"15-Jun, 2010",332,"$2,908.69"
"16-Jun, 2010",365,"$3,154.39"
"17-Jun, 2010",378,"$3,338.24"
"18-Jun, 2010",605,"$5,481.38"
"19-Jun, 2010",565,"$5,114.93"
"20-Jun, 2010",803,"$7,625.57"
"21-Jun, 2010",305,"$2,589.73"
"22-Jun, 2010",353,"$3,093.55"
"23-Jun, 2010",378,"$3,319.11"
"24-Jun, 2010",362,"$3,168.04"
"25-Jun, 2010",560,"$4,960.59"
"26-Jun, 2010",508,"$4,516.12"
"27-Jun, 2010",505,"$4,514.74"
"28-Jun, 2010",356,"$3,091.40"
"29-Jun, 2010",413,"$3,545.05"
"30-Jun, 2010",430,"$3,735.80"
"01-Jul, 2010",433,"$3,944.12"
"02-Jul, 2010",606,"$5,475.24"
"03-Jul, 2010",433,"$3,751.12"
"04-Jul, 2010",340,"$3,140.75"
"05-Jul, 2010",394,"$3,363.68"
"06-Jul, 2010",344,"$2,980.81"
"07-Jul, 2010",413,"$3,691.77"
"08-Jul, 2010",463,"$3,976.89"
"09-Jul, 2010",697,"$6,286.15"
"10-Jul, 2010",653,"$5,652.05"
"11-Jul, 2010",479,"$4,382.52"
"12-Jul, 2010",351,"$2,982.49"
"13-Jul, 2010",341,"$2,988.91"
"14-Jul, 2010",453,"$3,949.21"
"15-Jul, 2010",376,"$3,261.05"
"16-Jul, 2010",590,"$5,148.60"
"17-Jul, 2010",646,"$5,545.05"
"18-Jul, 2010",554,"$4,924.41"
"19-Jul, 2010",333,"$2,836.88"
"20-Jul, 2010",430,"$3,875.49"
"21-Jul, 2010",430,"$3,663.91"
"22-Jul, 2010",431,"$3,718.61"
"23-Jul, 2010",620,"$5,400.30"
"24-Jul, 2010",573,"$4,933.59"
"25-Jul, 2010",531,"$4,731.59"
"26-Jul, 2010",348,"$2,974.27"
"27-Jul, 2010",364,"$3,171.15"
"28-Jul, 2010",369,"$3,095.77"
"29-Jul, 2010",429,"$3,711.73"
"30-Jul, 2010",682,"$6,024.25"
"31-Jul, 2010",680,"$6,022.70"
"01-Aug, 2010",486,"$4,401.29"
"02-Aug, 2010",268,"$2,381.54"
"03-Aug, 2010",440,"$3,808.47"
"04-Aug, 2010",406,"$3,556.81"
"05-Aug, 2010",507,"$4,445.85"
"06-Aug, 2010",552,"$4,975.56"
"07-Aug, 2010",573,"$5,016.99"
"08-Aug, 2010",508,"$4,556.29"
"09-Aug, 2010",304,"$2,645.55"
"10-Aug, 2010",389,"$3,359.19"
"11-Aug, 2010",430,"$3,792.64"
"12-Aug, 2010",432,"$3,693.19"
"13-Aug, 2010",626,"$5,624.37"
"14-Aug, 2010",506,"$4,444.62"
"15-Aug, 2010",502,"$4,591.72"
"16-Aug, 2010",291,"$2,554.82"
"17-Aug, 2010",332,"$2,897.74"
"18-Aug, 2010",387,"$3,469.72"
"19-Aug, 2010",466,"$4,128.20"
"20-Aug, 2010",596,"$5,161.37"
"21-Aug, 2010",549,"$4,773.03"
"22-Aug, 2010",434,"$3,936.77"
"23-Aug, 2010",284,"$2,437.60"
"24-Aug, 2010",277,"$2,340.25"
"25-Aug, 2010",362,"$3,112.96"
"26-Aug, 2010",408,"$3,568.95"
"27-Aug, 2010",576,"$5,141.54"
"28-Aug, 2010",537,"$4,643.63"
"29-Aug, 2010",657,"$5,295.54"
"30-Aug, 2010",276,"$2,332.40"
"31-Aug, 2010",346,"$2,895.45"
"01-Sep, 2010",388,"$3,309.35"
"02-Sep, 2010",341,"$2,940.01"
"03-Sep, 2010",592,"$5,218.73"
"04-Sep, 2010",536,"$4,604.46"
"05-Sep, 2010",533,"$4,730.53"
"06-Sep, 2010",302,"$2,662.41"
"07-Sep, 2010",270,"$2,336.18"
"08-Sep, 2010",315,"$2,752.26"
"09-Sep, 2010",345,"$2,937.89"
"10-Sep, 2010",544,"$4,847.59"
"11-Sep, 2010",575,"$4,960.91"
"12-Sep, 2010",419,"$3,679.49"
"13-Sep, 2010",234,"$2,012.89"
"14-Sep, 2010",287,"$2,485.66"
"15-Sep, 2010",318,"$2,819.24"
"16-Sep, 2010",383,"$3,404.81"
"17-Sep, 2010",519,"$4,734.82"
"18-Sep, 2010",397,"$3,522.47"
"19-Sep, 2010",506,"$4,554.19"
"20-Sep, 2010",269,"$2,369.20"
"21-Sep, 2010",291,"$2,636.01"
"22-Sep, 2010",340,"$3,135.21"
"23-Sep, 2010",264,"$2,328.87"
"24-Sep, 2010",611,"$5,516.24"
"25-Sep, 2010",403,"$3,472.23"
"26-Sep, 2010",428,"$3,893.02"
"27-Sep, 2010",337,"$2,922.72"
"28-Sep, 2010",342,"$2,958.80"
"29-Sep, 2010",389,"$3,399.82"
"30-Sep, 2010",379,"$3,380.24"
"01-Oct, 2010",606,"$5,426.04"
"02-Oct, 2010",395,"$3,420.92"
"03-Oct, 2010",401,"$3,652.99"
"04-Oct, 2010",231,"$2,032.33"
"05-Oct, 2010",286,"$2,410.22"
"06-Oct, 2010",394,"$3,377.31"
"07-Oct, 2010",466,"$3,928.85"
"08-Oct, 2010",669,"$5,873.87"
"09-Oct, 2010",396,"$3,290.00"
"10-Oct, 2010",492,"$4,339.56"
"11-Oct, 2010",283,"$2,379.90"
"12-Oct, 2010",342,"$2,904.47"
"13-Oct, 2010",346,"$3,081.84"
"14-Oct, 2010",389,"$3,431.90"
"15-Oct, 2010",1042,"$6,864.32"
"16-Oct, 2010",497,"$4,217.69"
"17-Oct, 2010",500,"$4,486.29"
"18-Oct, 2010",293,"$2,650.68"
"19-Oct, 2010",322,"$2,890.50"
"20-Oct, 2010",334,"$3,059.39"
"21-Oct, 2010",324,"$2,777.25"
"22-Oct, 2010",581,"$5,272.60"
"23-Oct, 2010",504,"$4,419.08"
"24-Oct, 2010",385,"$3,505.05"
"25-Oct, 2010",268,"$2,356.68"
"26-Oct, 2010",193,"$1,693.02"
"27-Oct, 2010",334,"$2,893.58"
"28-Oct, 2010",390,"$3,324.12"
"29-Oct, 2010",643,"$5,698.02"
"30-Oct, 2010",595,"$5,055.79"
"31-Oct, 2010",556,"$4,285.99"
"01-Nov, 2010",324,"$2,857.19"
"02-Nov, 2010",374,"$3,253.15"
"03-Nov, 2010",367,"$3,150.98"
"04-Nov, 2010",449,"$3,911.48"
"05-Nov, 2010",794,"$6,894.42"
"06-Nov, 2010",641,"$5,484.18"
"07-Nov, 2010",571,"$5,086.47"
"08-Nov, 2010",298,"$2,608.41"
"09-Nov, 2010",357,"$2,801.22"
"10-Nov, 2010",294,"$2,602.42"
"11-Nov, 2010",467,"$4,188.32"
"12-Nov, 2010",547,"$5,013.67"
"13-Nov, 2010",720,"$6,168.41"
"14-Nov, 2010",489,"$4,435.80"
"15-Nov, 2010",285,"$2,522.42"
"16-Nov, 2010",319,"$2,796.58"
"17-Nov, 2010",361,"$3,211.94"
"18-Nov, 2010",365,"$3,229.77"
"19-Nov, 2010",474,"$4,344.67"
"20-Nov, 2010",613,"$5,769.39"
"21-Nov, 2010",419,"$3,921.90"
"22-Nov, 2010",307,"$2,770.30"
"23-Nov, 2010",265,"$2,275.70"
"24-Nov, 2010",330,"$2,888.96"
"26-Nov, 2010",317,"$2,763.58"
"27-Nov, 2010",385,"$3,438.91"
"28-Nov, 2010",479,"$4,344.08"
"29-Nov, 2010",248,"$2,206.57"
"30-Nov, 2010",241,"$2,144.68"
"01-Dec, 2010",283,"$2,665.62"
"02-Dec, 2010",300,"$2,817.67"
"03-Dec, 2010",666,"$6,170.10"
"04-Dec, 2010",609,"$5,529.16"
"05-Dec, 2010",640,"$5,851.14"
"06-Dec, 2010",252,"$2,312.75"
"07-Dec, 2010",356,"$3,262.62"
"08-Dec, 2010",367,"$3,344.54"
"09-Dec, 2010",384,"$3,496.50"
"10-Dec, 2010",630,"$5,956.88"
"11-Dec, 2010",594,"$5,298.41"
"12-Dec, 2010",497,"$4,501.04"
"13-Dec, 2010",349,"$3,184.68"
"14-Dec, 2010",293,"$2,607.91"
"15-Dec, 2010",328,"$2,951.71"
"16-Dec, 2010",353,"$3,099.63"
"17-Dec, 2010",622,"$5,770.09"
"18-Dec, 2010",564,"$5,038.61"
"19-Dec, 2010",538,"$5,037.59"
"20-Dec, 2010",362,"$3,449.77"
"21-Dec, 2010",382,"$3,467.34"
"22-Dec, 2010",374,"$3,374.44"
"23-Dec, 2010",528,"$4,807.82"
"24-Dec, 2010",544,"$4,890.73"
"26-Dec, 2010",371,"$3,398.26"
"27-Dec, 2010",369,"$3,359.22"
"28-Dec, 2010",402,"$3,626.12"
"29-Dec, 2010",477,"$4,339.65"
"30-Dec, 2010",583,"$5,278.73"
"31-Dec, 2010",688,"$6,390.32"
"01-Jan, 2011",534,"$4,820.58"
"02-Jan, 2011",440,"$4,053.79"
"03-Jan, 2011",299,"$2,623.09"
"04-Jan, 2011",286,"$2,529.20"
"05-Jan, 2011",361,"$3,173.39"
"06-Jan, 2011",386,"$3,440.28"
"07-Jan, 2011",604,"$5,710.45"
"08-Jan, 2011",543,"$4,909.05"
"09-Jan, 2011",462,"$4,325.15"
"10-Jan, 2011",229,"$2,079.26"
"11-Jan, 2011",308,"$2,755.42"
"12-Jan, 2011",248,"$2,244.65"
"13-Jan, 2011",344,"$2,815.96"
"14-Jan, 2011",637,"$5,644.23"
"15-Jan, 2011",541,"$4,819.51"
"16-Jan, 2011",460,"$4,193.14"
"17-Jan, 2011",380,"$3,305.25"
"18-Jan, 2011",237,"$2,068.86"
"19-Jan, 2011",330,"$2,988.91"
"20-Jan, 2011",405,"$3,603.46"
"21-Jan, 2011",711,"$6,172.38"
"22-Jan, 2011",677,"$6,129.60"
"23-Jan, 2011",409,"$3,737.45"
"24-Jan, 2011",280,"$2,427.24"
"25-Jan, 2011",315,"$2,686.04"
"26-Jan, 2011",332,"$2,772.84"
"27-Jan, 2011",445,"$3,729.15"
"28-Jan, 2011",710,"$6,160.08"
"29-Jan, 2011",642,"$5,782.06"
"30-Jan, 2011",515,"$4,695.08"
"31-Jan, 2011",278,"$2,328.42"
"01-Feb, 2011",292,"$2,649.52"
"02-Feb, 2011",347,"$3,209.74"
"03-Feb, 2011",458,"$4,033.05"
"04-Feb, 2011",649,"$6,019.72"
"05-Feb, 2011",697,"$6,333.66"
"06-Feb, 2011",282,"$2,544.69"
"07-Feb, 2011",260,"$2,280.43"
"08-Feb, 2011",282,"$2,432.04"
"09-Feb, 2011",328,"$2,986.04"
"10-Feb, 2011",367,"$3,400.34"
"11-Feb, 2011",670,"$6,175.65"
"12-Feb, 2011",731,"$6,719.29"
"13-Feb, 2011",580,"$5,380.16"
"14-Feb, 2011",699,"$6,697.83"
"15-Feb, 2011",273,"$2,431.48"
"16-Feb, 2011",264,"$2,364.85"
"17-Feb, 2011",364,"$3,328.92"
"18-Feb, 2011",657,"$6,009.07"
"19-Feb, 2011",682,"$6,147.89"
"20-Feb, 2011",480,"$4,346.70"
"21-Feb, 2011",409,"$3,536.20"
"22-Feb, 2011",261,"$2,253.08"
"23-Feb, 2011",322,"$2,895.11"
"24-Feb, 2011",388,"$3,548.56"
"25-Feb, 2011",560,"$5,152.16"
"26-Feb, 2011",713,"$6,575.78"
"27-Feb, 2011",535,"$4,962.65"
"28-Feb, 2011",275,"$2,404.17"
"01-Mar, 2011",344,"$3,155.68"
"02-Mar, 2011",380,"$3,626.49"
"03-Mar, 2011",410,"$3,827.33"
"04-Mar, 2011",814,"$7,527.81"
"05-Mar, 2011",803,"$7,487.52"
"06-Mar, 2011",621,"$5,758.69"
"07-Mar, 2011",288,"$2,618.33"
"08-Mar, 2011",332,"$3,097.95"
"09-Mar, 2011",418,"$3,806.61"
"10-Mar, 2011",412,"$3,772.51"
"11-Mar, 2011",753,"$7,287.82"
"12-Mar, 2011",1098,"$8,402.59"
"13-Mar, 2011",653,"$5,421.16"
"14-Mar, 2011",275,"$2,519.67"
"15-Mar, 2011",298,"$2,792.90"
"16-Mar, 2011",310,"$2,893.59"
"17-Mar, 2011",349,"$3,365.53"
"18-Mar, 2011",710,"$6,713.73"
"19-Mar, 2011",756,"$6,793.47"
"20-Mar, 2011",600,"$5,781.21"
"21-Mar, 2011",231,"$2,262.84"
"22-Mar, 2011",377,"$3,651.08"
"23-Mar, 2011",338,"$3,262.39"
"24-Mar, 2011",400,"$3,759.76"
"25-Mar, 2011",653,"$6,171.99"
"26-Mar, 2011",607,"$5,809.28"
"27-Mar, 2011",456,"$4,320.62"
"28-Mar, 2011",323,"$3,061.82"
"29-Mar, 2011",360,"$3,436.80"
"30-Mar, 2011",574,"$5,327.63"
"31-Mar, 2011",470,"$4,400.75"
"01-Apr, 2011",743,"$7,060.30"
"02-Apr, 2011",659,"$6,334.53"
"03-Apr, 2011",574,"$5,510.04"
"04-Apr, 2011",335,"$3,131.09"
"05-Apr, 2011",365,"$3,357.00"
"06-Apr, 2011",377,"$3,495.29"
"07-Apr, 2011",420,"$3,967.14"
"08-Apr, 2011",706,"$6,717.49"
"09-Apr, 2011",781,"$6,689.59"
"10-Apr, 2011",494,"$4,751.15"
"11-Apr, 2011",253,"$2,381.00"
"12-Apr, 2011",348,"$3,399.17"
"13-Apr, 2011",371,"$3,521.52"
"14-Apr, 2011",411,"$3,897.03"
"15-Apr, 2011",685,"$6,741.71"
"16-Apr, 2011",706,"$6,767.36"
"17-Apr, 2011",518,"$5,155.41"
"18-Apr, 2011",285,"$2,801.79"
"19-Apr, 2011",340,"$2,928.11"
"20-Apr, 2011",301,"$2,854.92"
"21-Apr, 2011",398,"$3,403.65"
"22-Apr, 2011",684,"$6,497.89"
"23-Apr, 2011",643,"$5,310.48"
"24-Apr, 2011",390,"$3,850.57"
"25-Apr, 2011",249,"$2,303.30"
"26-Apr, 2011",354,"$2,999.98"
"27-Apr, 2011",401,"$3,707.06"
"28-Apr, 2011",448,"$3,922.49"
"29-Apr, 2011",727,"$7,125.36"
"30-Apr, 2011",864,"$7,693.50"
"01-May, 2011",533,"$5,201.08"
"02-May, 2011",303,"$2,835.20"
"03-May, 2011",350,"$3,139.77"
"04-May, 2011",422,"$3,716.79"
"05-May, 2011",305,"$2,755.45"
"06-May, 2011",642,"$6,078.73"
"07-May, 2011",815,"$7,295.55"
"08-May, 2011",1065,"$10,985.83"
"09-May, 2011",279,"$2,702.25"
"10-May, 2011",369,"$3,129.77"
"11-May, 2011",348,"$2,927.24"
"12-May, 2011",413,"$3,449.22"
"13-May, 2011",639,"$6,028.34"
"14-May, 2011",703,"$5,667.77"
"15-May, 2011",464,"$4,547.15"
"16-May, 2011",295,"$2,776.08"
"17-May, 2011",330,"$2,772.15"
"18-May, 2011",295,"$2,829.69"
"19-May, 2011",414,"$3,501.49"
"20-May, 2011",587,"$5,378.52"
"21-May, 2011",1175,"$7,158.99"
"22-May, 2011",508,"$5,002.77"
"23-May, 2011",309,"$2,990.93"
"24-May, 2011",323,"$2,626.81"
"25-May, 2011",380,"$3,294.32"
"26-May, 2011",366,"$3,479.49"
"27-May, 2011",584,"$5,618.87"
"28-May, 2011",565,"$5,127.24"
"29-May, 2011",455,"$4,439.63"
"30-May, 2011",430,"$4,011.99"
"31-May, 2011",218,"$2,009.48"
"01-Jun, 2011",329,"$3,157.86"
"02-Jun, 2011",446,"$3,934.55"
"03-Jun, 2011",714,"$6,590.29"
"04-Jun, 2011",695,"$5,420.52"
"05-Jun, 2011",435,"$4,255.28"
"06-Jun, 2011",265,"$2,538.68"
"07-Jun, 2011",343,"$2,874.95"
"08-Jun, 2011",379,"$3,340.87"
"09-Jun, 2011",448,"$4,026.30"
"10-Jun, 2011",590,"$5,327.61"
"11-Jun, 2011",534,"$4,966.71"
"12-Jun, 2011",543,"$4,667.03"
"13-Jun, 2011",271,"$2,490.36"
"14-Jun, 2011",303,"$2,798.14"
"15-Jun, 2011",405,"$3,014.81"
"16-Jun, 2011",343,"$3,319.23"
"17-Jun, 2011",643,"$5,593.68"
"18-Jun, 2011",626,"$5,856.83"
"19-Jun, 2011",704,"$7,284.90"
"20-Jun, 2011",338,"$3,283.97"
"21-Jun, 2011",287,"$2,594.48"
"22-Jun, 2011",287,"$2,777.10"
"23-Jun, 2011",483,"$4,440.90"
"24-Jun, 2011",521,"$4,876.25"
"25-Jun, 2011",877,"$7,159.30"
"26-Jun, 2011",521,"$4,926.73"
"27-Jun, 2011",341,"$3,130.27"
"28-Jun, 2011",315,"$2,836.49"
"29-Jun, 2011",386,"$3,551.21"
"30-Jun, 2011",420,"$3,876.16"
"01-Jul, 2011",542,"$5,160.90"
"02-Jul, 2011",565,"$5,042.10"
"03-Jul, 2011",422,"$4,085.07"
"04-Jul, 2011",305,"$2,863.38"
"05-Jul, 2011",304,"$2,684.53"
"06-Jul, 2011",356,"$3,351.83"
"07-Jul, 2011",357,"$3,349.89"
"08-Jul, 2011",513,"$4,862.18"
"09-Jul, 2011",610,"$5,465.72"
"10-Jul, 2011",465,"$4,448.34"
"11-Jul, 2011",317,"$2,890.93"
"12-Jul, 2011",340,"$3,191.56"
"13-Jul, 2011",311,"$2,840.15"
"14-Jul, 2011",370,"$3,360.76"
"15-Jul, 2011",612,"$5,800.18"
"16-Jul, 2011",655,"$5,923.38"
"17-Jul, 2011",327,"$3,222.20"
"18-Jul, 2011",319,"$2,987.78"
"19-Jul, 2011",317,"$2,891.50"
"20-Jul, 2011",389,"$3,628.73"
"21-Jul, 2011",437,"$3,955.39"
"22-Jul, 2011",554,"$5,248.32"
"23-Jul, 2011",677,"$5,926.88"
"24-Jul, 2011",529,"$4,941.51"
"25-Jul, 2011",326,"$2,992.01"
"26-Jul, 2011",359,"$3,378.13"
"27-Jul, 2011",448,"$4,194.68"
"28-Jul, 2011",431,"$4,174.13"
"29-Jul, 2011",623,"$6,118.18"
"30-Jul, 2011",648,"$5,980.98"
"31-Jul, 2011",486,"$4,757.70"
"01-Aug, 2011",374,"$3,539.57"
"02-Aug, 2011",380,"$3,517.15"
"03-Aug, 2011",368,"$3,498.76"
"04-Aug, 2011",429,"$3,992.48"
"05-Aug, 2011",647,"$6,007.50"
"06-Aug, 2011",647,"$5,771.40"
"07-Aug, 2011",458,"$4,470.41"
"08-Aug, 2011",264,"$2,482.04"
"09-Aug, 2011",341,"$3,099.15"
"10-Aug, 2011",381,"$3,549.66"
"11-Aug, 2011",370,"$3,417.69"
"12-Aug, 2011",605,"$5,715.58"
"13-Aug, 2011",667,"$5,992.31"
"14-Aug, 2011",467,"$4,415.33"
"15-Aug, 2011",285,"$2,688.19"
"16-Aug, 2011",293,"$2,754.02"
"17-Aug, 2011",362,"$3,315.44"
"18-Aug, 2011",491,"$4,587.15"
"19-Aug, 2011",531,"$5,169.69"
"20-Aug, 2011",560,"$4,774.53"
"21-Aug, 2011",449,"$4,228.55"
"22-Aug, 2011",294,"$2,671.00"
"23-Aug, 2011",257,"$2,335.53"
"24-Aug, 2011",337,"$3,077.88"
"25-Aug, 2011",336,"$3,088.76"
"26-Aug, 2011",548,"$5,094.64"
"27-Aug, 2011",515,"$4,660.54"
"28-Aug, 2011",474,"$4,478.72"
"29-Aug, 2011",356,"$3,254.81"
"30-Aug, 2011",325,"$3,018.21"
"31-Aug, 2011",335,"$3,166.59"
"01-Sep, 2011",386,"$3,542.64"
"02-Sep, 2011",520,"$5,055.90"
"03-Sep, 2011",397,"$3,671.76"
"04-Sep, 2011",521,"$4,936.61"
"05-Sep, 2011",446,"$4,074.90"
"06-Sep, 2011",288,"$2,747.43"
"07-Sep, 2011",320,"$3,091.04"
"08-Sep, 2011",352,"$3,283.44"
"09-Sep, 2011",534,"$5,042.77"
"10-Sep, 2011",610,"$5,564.84"
"11-Sep, 2011",387,"$3,742.31"
"12-Sep, 2011",263,"$2,543.73"
"13-Sep, 2011",320,"$2,859.04"
"14-Sep, 2011",334,"$3,039.79"
"15-Sep, 2011",359,"$3,355.75"
"16-Sep, 2011",368,"$3,540.18"
"17-Sep, 2011",453,"$4,300.52"
"18-Sep, 2011",466,"$4,466.20"
"19-Sep, 2011",263,"$2,403.57"
"20-Sep, 2011",320,"$2,940.69"
"21-Sep, 2011",249,"$2,364.36"
"22-Sep, 2011",291,"$2,700.23"
"23-Sep, 2011",602,"$5,630.37"
"24-Sep, 2011",399,"$3,721.38"
"25-Sep, 2011",402,"$3,858.97"
"26-Sep, 2011",308,"$2,821.27"
"27-Sep, 2011",319,"$3,014.13"
"28-Sep, 2011",360,"$3,411.94"
"29-Sep, 2011",473,"$4,454.30"
"30-Sep, 2011",700,"$6,619.81"
"01-Oct, 2011",523,"$5,031.18"
"02-Oct, 2011",603,"$5,734.96"
"03-Oct, 2011",361,"$3,363.15"
"04-Oct, 2011",300,"$2,762.74"
"05-Oct, 2011",355,"$3,337.08"
"06-Oct, 2011",378,"$3,586.67"
"07-Oct, 2011",453,"$4,183.35"
"08-Oct, 2011",679,"$6,280.18"
"09-Oct, 2011",470,"$4,350.48"
"10-Oct, 2011",269,"$2,516.66"
"11-Oct, 2011",298,"$2,612.97"
"12-Oct, 2011",334,"$3,133.17"
"13-Oct, 2011",418,"$3,821.19"
"14-Oct, 2011",616,"$5,591.46"
"15-Oct, 2011",412,"$3,741.84"
"16-Oct, 2011",440,"$4,162.44"
"17-Oct, 2011",244,"$2,175.88"
"18-Oct, 2011",344,"$3,172.22"
"19-Oct, 2011",304,"$2,858.59"
"20-Oct, 2011",340,"$3,135.76"
"21-Oct, 2011",529,"$5,048.98"
"22-Oct, 2011",477,"$4,470.54"
"23-Oct, 2011",468,"$4,437.89"
"24-Oct, 2011",263,"$2,448.67"
"25-Oct, 2011",295,"$2,831.08"
"26-Oct, 2011",309,"$2,898.05"
"27-Oct, 2011",370,"$3,491.06"
"28-Oct, 2011",536,"$5,038.64"
"29-Oct, 2011",833,"$5,814.03"
"30-Oct, 2011",381,"$3,568.72"
"31-Oct, 2011",207,"$1,884.00"
"01-Nov, 2011",426,"$4,033.82"
"02-Nov, 2011",382,"$3,613.64"
"03-Nov, 2011",385,"$3,523.59"
"04-Nov, 2011",999,"$7,736.57"
"05-Nov, 2011",686,"$6,543.20"
"06-Nov, 2011",553,"$5,225.41"
"07-Nov, 2011",316,"$2,926.63"
"08-Nov, 2011",327,"$3,050.69"
"09-Nov, 2011",340,"$3,229.64"
"10-Nov, 2011",389,"$3,727.57"
"11-Nov, 2011",688,"$6,573.95"
"12-Nov, 2011",542,"$5,142.72"
"13-Nov, 2011",430,"$4,061.89"
"14-Nov, 2011",357,"$3,342.80"
"15-Nov, 2011",317,"$2,925.99"
"16-Nov, 2011",280,"$2,567.56"
"17-Nov, 2011",375,"$3,422.39"
"18-Nov, 2011",620,"$6,006.57"
"19-Nov, 2011",419,"$3,983.78"
"20-Nov, 2011",489,"$4,630.02"
"21-Nov, 2011",280,"$2,617.82"
"22-Nov, 2011",390,"$3,602.98"
"23-Nov, 2011",290,"$2,801.55"
"24-Nov, 2011",297,"$3,175.77"
"25-Nov, 2011",363,"$3,261.13"
"26-Nov, 2011",515,"$4,869.84"
"27-Nov, 2011",397,"$3,711.81"
"28-Nov, 2011",289,"$2,680.41"
"29-Nov, 2011",326,"$3,038.77"
"30-Nov, 2011",393,"$3,736.92"
"01-Dec, 2011",495,"$4,884.71"
"02-Dec, 2011",652,"$6,525.87"
"03-Dec, 2011",500,"$4,929.98"
"04-Dec, 2011",494,"$4,913.57"
"05-Dec, 2011",241,"$2,262.69"
"06-Dec, 2011",321,"$2,991.70"
"07-Dec, 2011",327,"$3,132.00"
"08-Dec, 2011",341,"$3,191.50"
"09-Dec, 2011",556,"$5,275.47"
"10-Dec, 2011",732,"$7,235.89"
"11-Dec, 2011",424,"$4,138.53"
"12-Dec, 2011",306,"$2,845.96"
"13-Dec, 2011",319,"$2,945.25"
"14-Dec, 2011",346,"$3,303.68"
"15-Dec, 2011",363,"$3,568.01"
"16-Dec, 2011",675,"$6,902.05"
"17-Dec, 2011",582,"$5,649.40"
"18-Dec, 2011",515,"$5,104.95"
"19-Dec, 2011",355,"$3,218.49"
"20-Dec, 2011",427,"$4,075.42"
"21-Dec, 2011",395,"$3,761.95"
"22-Dec, 2011",362,"$3,341.21"
"23-Dec, 2011",719,"$6,868.00"
"24-Dec, 2011",476,"$4,676.82"
"26-Dec, 2011",451,"$4,208.33"
"27-Dec, 2011",389,"$3,565.42"
"28-Dec, 2011",413,"$3,798.65"
"29-Dec, 2011",506,"$4,725.34"
"30-Dec, 2011",565,"$5,380.52"
"31-Dec, 2011",616,"$5,986.98"
"01-Jan, 2012",428,"$4,215.98"
"02-Jan, 2012",379,"$3,395.38"
"03-Jan, 2012",346,"$3,220.36"
"04-Jan, 2012",335,"$3,123.30"
"05-Jan, 2012",373,"$3,511.87"
"06-Jan, 2012",713,"$6,992.07"
"07-Jan, 2012",586,"$5,704.38"
"08-Jan, 2012",450,"$4,250.65"
"09-Jan, 2012",239,"$2,141.25"
"10-Jan, 2012",255,"$2,371.10"
"11-Jan, 2012",344,"$3,187.60"
"12-Jan, 2012",383,"$3,631.13"
"13-Jan, 2012",564,"$5,316.34"
"14-Jan, 2012",440,"$4,155.93"
"15-Jan, 2012",474,"$4,638.29"
"16-Jan, 2012",315,"$2,914.49"
"17-Jan, 2012",234,"$2,130.22"
"18-Jan, 2012",174,"$1,650.32"
"19-Jan, 2012",350,"$3,212.06"
"20-Jan, 2012",507,"$4,810.11"
"21-Jan, 2012",554,"$5,331.89"
"22-Jan, 2012",387,"$3,699.92"
"23-Jan, 2012",187,"$1,701.28"
"24-Jan, 2012",246,"$2,273.90"
"25-Jan, 2012",317,"$2,983.39"
"26-Jan, 2012",421,"$3,890.90"
"27-Jan, 2012",677,"$6,552.48"
"28-Jan, 2012",613,"$5,670.73"
"29-Jan, 2012",485,"$4,640.00"
"30-Jan, 2012",277,"$2,599.98"
"31-Jan, 2012",358,"$3,338.52"
"01-Feb, 2012",370,"$3,557.94"
"02-Feb, 2012",396,"$3,723.12"
"03-Feb, 2012",685,"$6,541.34"
"04-Feb, 2012",724,"$6,782.14"
"05-Feb, 2012",290,"$2,812.62"
"06-Feb, 2012",345,"$3,270.91"
"07-Feb, 2012",319,"$3,001.17"
"08-Feb, 2012",349,"$3,279.98"
"09-Feb, 2012",390,"$3,704.08"
"10-Feb, 2012",642,"$6,074.37"
"11-Feb, 2012",631,"$5,843.59"
"12-Feb, 2012",483,"$4,494.12"
"13-Feb, 2012",298,"$2,777.00"
"14-Feb, 2012",724,"$7,078.24"
"15-Feb, 2012",356,"$3,252.90"
"16-Feb, 2012",361,"$3,279.76"
"17-Feb, 2012",670,"$6,344.58"
"18-Feb, 2012",674,"$6,493.24"
"19-Feb, 2012",505,"$4,834.80"
"20-Feb, 2012",347,"$3,175.45"
"21-Feb, 2012",292,"$2,691.63"
"22-Feb, 2012",333,"$3,020.64"
"23-Feb, 2012",369,"$3,381.94"
"24-Feb, 2012",658,"$6,140.13"
"25-Feb, 2012",653,"$6,068.30"
"26-Feb, 2012",414,"$4,005.96"
"27-Feb, 2012",233,"$2,178.23"
"28-Feb, 2012",353,"$3,345.19"
"29-Feb, 2012",369,"$3,298.48"
"01-Mar, 2012",374,"$3,499.12"
"02-Mar, 2012",793,"$7,443.96"
"03-Mar, 2012",732,"$6,753.10"
"04-Mar, 2012",575,"$5,383.21"
"05-Mar, 2012",275,"$2,516.31"
"06-Mar, 2012",320,"$2,893.59"
"07-Mar, 2012",393,"$3,592.67"
"08-Mar, 2012",381,"$3,417.56"
"09-Mar, 2012",659,"$6,194.37"
"10-Mar, 2012",672,"$6,322.47"
"11-Mar, 2012",455,"$4,304.23"
"12-Mar, 2012",241,"$2,187.86"
"13-Mar, 2012",287,"$2,630.90"
"14-Mar, 2012",333,"$3,108.66"
"15-Mar, 2012",309,"$2,948.33"
"16-Mar, 2012",684,"$6,362.42"
"17-Mar, 2012",573,"$5,300.26"
"18-Mar, 2012",472,"$4,487.08"
"19-Mar, 2012",290,"$2,694.48"
"20-Mar, 2012",259,"$2,421.28"
"21-Mar, 2012",350,"$3,180.77"
"22-Mar, 2012",445,"$4,095.12"
"23-Mar, 2012",669,"$6,353.74"
"24-Mar, 2012",582,"$5,423.67"
"25-Mar, 2012",428,"$4,095.83"
"26-Mar, 2012",305,"$2,835.38"
"27-Mar, 2012",304,"$2,672.93"
"28-Mar, 2012",427,"$3,875.29"
"29-Mar, 2012",431,"$3,999.35"
"30-Mar, 2012",643,"$5,918.39"
"31-Mar, 2012",591,"$5,347.83"
"01-Apr, 2012",490,"$4,547.63"
"02-Apr, 2012",318,"$2,701.45"
"03-Apr, 2012",257,"$2,228.68"
"04-Apr, 2012",358,"$3,142.57"
"05-Apr, 2012",412,"$3,596.33"
"06-Apr, 2012",567,"$5,123.78"
"07-Apr, 2012",527,"$4,540.46"
"08-Apr, 2012",410,"$3,652.91"
"09-Apr, 2012",214,"$1,861.73"
"10-Apr, 2012",285,"$2,440.89"
"11-Apr, 2012",325,"$2,753.89"
"12-Apr, 2012",364,"$3,259.63"
"13-Apr, 2012",688,"$6,197.60"
"14-Apr, 2012",566,"$5,078.82"
"15-Apr, 2012",532,"$4,725.97"
"16-Apr, 2012",254,"$2,215.91"
"17-Apr, 2012",290,"$2,548.04"
"18-Apr, 2012",368,"$3,263.68"
"19-Apr, 2012",301,"$2,672.25"
"20-Apr, 2012",539,"$4,913.49"
"21-Apr, 2012",480,"$4,293.45"
"22-Apr, 2012",407,"$3,672.54"
"23-Apr, 2012",284,"$2,450.07"
"24-Apr, 2012",263,"$2,399.43"
"25-Apr, 2012",337,"$3,013.52"
"26-Apr, 2012",409,"$3,521.10"
"27-Apr, 2012",665,"$5,994.87"
"28-Apr, 2012",638,"$5,775.48"
"29-Apr, 2012",544,"$4,822.91"
"30-Apr, 2012",250,"$2,201.64"
"01-May, 2012",336,"$3,017.18"
"02-May, 2012",399,"$3,619.46"
"03-May, 2012",374,"$3,364.12"
"04-May, 2012",676,"$6,140.50"
"05-May, 2012",674,"$6,129.22"
"06-May, 2012",450,"$4,133.00"
"07-May, 2012",346,"$3,162.67"
"08-May, 2012",307,"$2,806.18"
"09-May, 2012",355,"$3,227.21"
"10-May, 2012",454,"$4,018.96"
"11-May, 2012",624,"$5,888.44"
"12-May, 2012",639,"$5,779.80"
"13-May, 2012",992,"$9,179.89"
"14-May, 2012",329,"$2,981.63"
"15-May, 2012",328,"$3,072.75"
"16-May, 2012",416,"$3,825.37"
"17-May, 2012",482,"$4,257.43"
"18-May, 2012",714,"$6,628.27"
"19-May, 2012",888,"$7,322.66"
"20-May, 2012",518,"$4,682.98"
"21-May, 2012",275,"$2,429.55"
"22-May, 2012",387,"$3,408.39"
"23-May, 2012",439,"$3,901.19"
"24-May, 2012",453,"$3,971.19"
"25-May, 2012",1045,"$7,075.18"
"26-May, 2012",558,"$5,140.58"
"27-May, 2012",603,"$5,377.41"
"28-May, 2012",519,"$4,628.13"
"29-May, 2012",305,"$2,606.61"
"30-May, 2012",376,"$3,437.56"
"31-May, 2012",383,"$3,451.14"
"01-Jun, 2012",657,"$5,985.70"
"02-Jun, 2012",544,"$5,054.25"
"03-Jun, 2012",436,"$3,960.91"
"04-Jun, 2012",266,"$2,367.26"
"05-Jun, 2012",407,"$3,643.12"
"06-Jun, 2012",352,"$3,206.24"
"07-Jun, 2012",358,"$3,169.57"
"08-Jun, 2012",623,"$5,623.35"
"09-Jun, 2012",619,"$5,466.03"
"10-Jun, 2012",467,"$4,094.43"
"11-Jun, 2012",329,"$2,738.46"
"12-Jun, 2012",348,"$3,074.96"
"13-Jun, 2012",376,"$3,176.88"
"14-Jun, 2012",342,"$2,861.03"
"15-Jun, 2012",581,"$5,126.93"
"16-Jun, 2012",577,"$5,086.89"
"17-Jun, 2012",746,"$6,867.22"
"18-Jun, 2012",293,"$2,565.83"
"19-Jun, 2012",315,"$2,753.12"
"20-Jun, 2012",327,"$2,809.80"
"21-Jun, 2012",386,"$3,419.06"
"22-Jun, 2012",594,"$5,191.78"
"23-Jun, 2012",511,"$4,575.91"
"24-Jun, 2012",465,"$3,989.45"
"25-Jun, 2012",329,"$2,907.61"
"26-Jun, 2012",288,"$2,546.62"
"27-Jun, 2012",388,"$3,335.79"
"28-Jun, 2012",372,"$3,186.60"
"29-Jun, 2012",581,"$5,219.58"
"30-Jun, 2012",669,"$5,778.28"
"01-Jul, 2012",407,"$3,787.18"
"02-Jul, 2012",307,"$2,617.16"
"03-Jul, 2012",356,"$3,163.27"
"04-Jul, 2012",336,"$2,988.03"
"05-Jul, 2012",372,"$3,228.61"
"06-Jul, 2012",482,"$4,234.47"
"07-Jul, 2012",537,"$4,885.62"
"08-Jul, 2012",594,"$5,202.20"
"09-Jul, 2012",299,"$2,661.07"
"10-Jul, 2012",351,"$3,131.18"
"11-Jul, 2012",385,"$3,388.50"
"12-Jul, 2012",449,"$3,914.18"
"13-Jul, 2012",540,"$4,827.96"
"14-Jul, 2012",674,"$5,768.40"
"15-Jul, 2012",481,"$4,291.46"
"16-Jul, 2012",302,"$2,598.59"
"17-Jul, 2012",314,"$2,793.54"
"18-Jul, 2012",322,"$2,758.03"
"19-Jul, 2012",369,"$3,221.02"
"20-Jul, 2012",478,"$4,159.40"
"21-Jul, 2012",699,"$5,969.59"
"22-Jul, 2012",464,"$4,095.61"
"23-Jul, 2012",258,"$2,252.63"
"24-Jul, 2012",326,"$2,733.89"
"25-Jul, 2012",290,"$2,492.64"
"26-Jul, 2012",387,"$3,325.81"
"27-Jul, 2012",456,"$3,957.38"
"28-Jul, 2012",576,"$4,765.71"
"29-Jul, 2012",395,"$3,385.98"
"30-Jul, 2012",329,"$2,800.46"
"31-Jul, 2012",325,"$2,839.83"
"01-Aug, 2012",397,"$3,573.23"
"02-Aug, 2012",357,"$3,072.47"
"03-Aug, 2012",497,"$4,209.86"
"04-Aug, 2012",710,"$6,144.71"
"05-Aug, 2012",495,"$4,340.30"
"06-Aug, 2012",302,"$2,622.79"
"07-Aug, 2012",366,"$3,143.54"
"08-Aug, 2012",321,"$2,783.23"
"09-Aug, 2012",393,"$3,431.79"
"10-Aug, 2012",612,"$5,442.26"
"11-Aug, 2012",639,"$5,378.19"
"12-Aug, 2012",437,"$3,851.87"
"13-Aug, 2012",305,"$2,585.72"
"14-Aug, 2012",305,"$2,636.75"
"15-Aug, 2012",306,"$2,618.58"
"16-Aug, 2012",379,"$3,324.86"
"17-Aug, 2012",497,"$4,451.69"
"18-Aug, 2012",517,"$4,518.24"
"19-Aug, 2012",462,"$4,060.87"
"20-Aug, 2012",336,"$2,848.94"
"21-Aug, 2012",215,"$1,860.84"
"22-Aug, 2012",288,"$2,456.68"
"23-Aug, 2012",316,"$2,644.46"
"24-Aug, 2012",492,"$4,325.10"
"25-Aug, 2012",556,"$4,615.31"
"26-Aug, 2012",413,"$3,646.39"
"27-Aug, 2012",298,"$2,600.91"
"28-Aug, 2012",266,"$2,305.86"
"29-Aug, 2012",287,"$2,555.56"
"30-Aug, 2012",369,"$3,280.84"
"31-Aug, 2012",406,"$3,611.42"
"01-Sep, 2012",539,"$4,742.11"
"02-Sep, 2012",540,"$4,726.47"
"03-Sep, 2012",364,"$3,155.27"
"04-Sep, 2012",303,"$2,753.20"
"05-Sep, 2012",255,"$2,243.49"
"06-Sep, 2012",278,"$2,444.37"
"07-Sep, 2012",509,"$4,438.49"
"08-Sep, 2012",536,"$4,595.34"
"09-Sep, 2012",384,"$3,382.13"
"10-Sep, 2012",276,"$2,433.85"
"11-Sep, 2012",239,"$2,101.79"
"12-Sep, 2012",345,"$3,119.11"
"13-Sep, 2012",294,"$2,574.37"
"14-Sep, 2012",479,"$4,430.70"
"15-Sep, 2012",463,"$4,047.97"
"16-Sep, 2012",371,"$3,293.61"
"17-Sep, 2012",235,"$2,171.89"
"18-Sep, 2012",224,"$1,917.85"
"19-Sep, 2012",302,"$2,702.26"
"20-Sep, 2012",217,"$1,892.33"
"21-Sep, 2012",595,"$5,373.65"
"22-Sep, 2012",564,"$4,886.33"
"23-Sep, 2012",382,"$3,495.05"
"24-Sep, 2012",295,"$2,674.54"
"25-Sep, 2012",256,"$2,325.52"
"26-Sep, 2012",350,"$3,125.39"
"27-Sep, 2012",360,"$3,195.42"
"28-Sep, 2012",545,"$4,939.36"
"29-Sep, 2012",458,"$4,152.56"
"30-Sep, 2012",523,"$4,757.21"
"01-Oct, 2012",300,"$2,708.81"
"02-Oct, 2012",316,"$2,816.12"
"03-Oct, 2012",323,"$2,946.71"
"04-Oct, 2012",325,"$2,988.67"
"05-Oct, 2012",636,"$5,863.17"
"06-Oct, 2012",501,"$4,531.22"
"07-Oct, 2012",459,"$4,123.79"
"08-Oct, 2012",299,"$2,744.66"
"09-Oct, 2012",330,"$3,107.21"
"10-Oct, 2012",260,"$2,392.57"
"11-Oct, 2012",356,"$3,246.92"
"12-Oct, 2012",539,"$4,976.18"
"13-Oct, 2012",464,"$4,292.46"
"14-Oct, 2012",448,"$4,130.93"
"15-Oct, 2012",279,"$2,494.69"
"16-Oct, 2012",201,"$1,846.42"
"17-Oct, 2012",274,"$2,535.55"
"18-Oct, 2012",333,"$3,028.57"
"19-Oct, 2012",558,"$5,155.90"
"20-Oct, 2012",786,"$6,894.84"
"21-Oct, 2012",489,"$4,322.66"
"22-Oct, 2012",232,"$2,122.94"
"23-Oct, 2012",212,"$1,888.73"
"24-Oct, 2012",271,"$2,443.37"
"25-Oct, 2012",287,"$2,637.76"
"26-Oct, 2012",506,"$4,644.73"
"27-Oct, 2012",607,"$4,275.65"
"28-Oct, 2012",376,"$3,482.34"
"29-Oct, 2012",289,"$2,695.51"
"30-Oct, 2012",289,"$2,546.42"
"31-Oct, 2012",247,"$2,258.78"
"01-Nov, 2012",402,"$3,698.09"
"02-Nov, 2012",602,"$5,709.43"
"03-Nov, 2012",609,"$5,541.79"
"04-Nov, 2012",464,"$4,315.50"
"05-Nov, 2012",291,"$2,598.45"
"06-Nov, 2012",342,"$3,177.28"
"07-Nov, 2012",261,"$2,379.94"
"08-Nov, 2012",339,"$3,113.33"
"09-Nov, 2012",579,"$5,487.06"
"10-Nov, 2012",464,"$4,156.92"
"11-Nov, 2012",460,"$4,225.11"
"12-Nov, 2012",283,"$2,471.42"
"13-Nov, 2012",277,"$2,571.16"
"14-Nov, 2012",254,"$2,336.39"
"15-Nov, 2012",314,"$2,748.55"
"16-Nov, 2012",590,"$5,471.59"
"17-Nov, 2012",453,"$4,027.24"
"18-Nov, 2012",451,"$4,138.35"
"19-Nov, 2012",275,"$2,488.08"
"20-Nov, 2012",319,"$2,839.41"
"21-Nov, 2012",354,"$3,085.34"
"22-Nov, 2012",168,"$1,665.31"
"23-Nov, 2012",349,"$3,172.92"
"24-Nov, 2012",387,"$3,565.12"
"25-Nov, 2012",405,"$3,797.91"
"26-Nov, 2012",201,"$1,797.06"
"27-Nov, 2012",262,"$2,367.67"
"28-Nov, 2012",312,"$2,959.27"
"29-Nov, 2012",351,"$3,208.03"
"30-Nov, 2012",616,"$5,569.62"
"01-Dec, 2012",534,"$5,000.99"
"02-Dec, 2012",405,"$3,775.80"
"03-Dec, 2012",293,"$2,726.06"
"04-Dec, 2012",261,"$2,287.73"
"05-Dec, 2012",337,"$2,978.53"
"06-Dec, 2012",398,"$3,544.49"
"07-Dec, 2012",613,"$5,612.94"
"08-Dec, 2012",563,"$5,139.25"
"09-Dec, 2012",462,"$4,275.58"
"10-Dec, 2012",285,"$2,635.50"
"11-Dec, 2012",277,"$2,516.15"
"12-Dec, 2012",369,"$3,370.52"
"13-Dec, 2012",296,"$2,624.40"
"14-Dec, 2012",580,"$5,475.41"
"15-Dec, 2012",547,"$4,907.68"
"16-Dec, 2012",443,"$4,000.84"
"17-Dec, 2012",274,"$2,446.04"
"18-Dec, 2012",362,"$3,228.14"
"19-Dec, 2012",294,"$2,723.39"
"20-Dec, 2012",386,"$3,458.78"
"21-Dec, 2012",607,"$5,682.51"
"22-Dec, 2012",462,"$4,177.18"
"23-Dec, 2012",461,"$4,287.10"
"24-Dec, 2012",434,"$4,010.70"
"26-Dec, 2012",289,"$2,447.69"
"27-Dec, 2012",461,"$4,094.84"
"28-Dec, 2012",566,"$5,020.77"
"29-Dec, 2012",486,"$4,328.24"
"30-Dec, 2012",494,"$4,448.32"
"31-Dec, 2012",527,"$4,921.29"
"01-Jan, 2013",361,"$3,326.98"
"02-Jan, 2013",286,"$2,654.21"
"03-Jan, 2013",350,"$3,186.84"
"04-Jan, 2013",534,"$4,930.46"
"05-Jan, 2013",511,"$4,589.78"
"06-Jan, 2013",402,"$3,718.25"
"07-Jan, 2013",156,"$1,381.40"
"08-Jan, 2013",268,"$2,396.79"
"09-Jan, 2013",285,"$2,553.06"
"10-Jan, 2013",280,"$2,507.67"
"11-Jan, 2013",547,"$5,029.54"
"12-Jan, 2013",496,"$4,429.84"
"13-Jan, 2013",373,"$3,510.76"
"14-Jan, 2013",203,"$1,812.70"
"15-Jan, 2013",282,"$2,495.62"
"16-Jan, 2013",277,"$2,454.77"
"17-Jan, 2013",360,"$3,181.03"
"18-Jan, 2013",497,"$4,560.94"
"19-Jan, 2013",543,"$4,988.25"
"20-Jan, 2013",312,"$2,882.46"
"21-Jan, 2013",293,"$2,601.97"
"22-Jan, 2013",230,"$2,083.19"
"23-Jan, 2013",204,"$1,869.79"
"24-Jan, 2013",223,"$2,020.49"
"25-Jan, 2013",526,"$4,841.89"
"26-Jan, 2013",475,"$4,316.16"
"27-Jan, 2013",411,"$3,813.20"
"28-Jan, 2013",157,"$1,370.49"
"29-Jan, 2013",243,"$2,120.70"
"30-Jan, 2013",348,"$3,152.71"
"31-Jan, 2013",443,"$4,010.75"
"01-Feb, 2013",638,"$5,924.96"
"02-Feb, 2013",552,"$5,054.46"
"03-Feb, 2013",322,"$2,935.91"
"04-Feb, 2013",266,"$2,408.94"
"05-Feb, 2013",289,"$2,590.55"
"06-Feb, 2013",327,"$2,866.44"
"07-Feb, 2013",328,"$2,937.05"
"08-Feb, 2013",620,"$5,861.73"
"09-Feb, 2013",661,"$5,976.06"
"10-Feb, 2013",480,"$4,554.98"
"11-Feb, 2013",248,"$2,291.11"
"12-Feb, 2013",231,"$2,159.82"
"13-Feb, 2013",355,"$3,177.80"
"14-Feb, 2013",709,"$6,923.18"
"15-Feb, 2013",555,"$5,145.91"
"16-Feb, 2013",622,"$5,664.20"
"17-Feb, 2013",535,"$4,919.59"
"18-Feb, 2013",350,"$3,042.80"
"19-Feb, 2013",227,"$1,970.87"
"20-Feb, 2013",322,"$2,902.43"
"21-Feb, 2013",267,"$2,430.33"
"22-Feb, 2013",577,"$5,229.53"
"23-Feb, 2013",605,"$5,582.86"
"24-Feb, 2013",415,"$3,754.39"
"25-Feb, 2013",200,"$1,808.99"
"26-Feb, 2013",312,"$2,783.02"
"27-Feb, 2013",419,"$3,788.19"
"28-Feb, 2013",459,"$4,088.00"
"01-Mar, 2013",740,"$6,822.87"
"02-Mar, 2013",674,"$6,067.24"
"03-Mar, 2013",563,"$5,198.33"
"04-Mar, 2013",230,"$2,081.17"
"05-Mar, 2013",314,"$2,819.57"
"06-Mar, 2013",334,"$2,932.82"
"07-Mar, 2013",336,"$3,025.19"
"08-Mar, 2013",600,"$5,540.62"
"09-Mar, 2013",753,"$6,849.39"
"10-Mar, 2013",447,"$4,132.59"
"11-Mar, 2013",246,"$2,198.61"
"12-Mar, 2013",295,"$2,579.39"
"13-Mar, 2013",280,"$2,533.34"
"14-Mar, 2013",357,"$3,161.25"
"15-Mar, 2013",677,"$6,218.59"
"16-Mar, 2013",567,"$5,177.06"
"17-Mar, 2013",389,"$3,614.04"
"18-Mar, 2013",227,"$1,962.17"
"19-Mar, 2013",228,"$2,021.23"
"20-Mar, 2013",302,"$2,670.77"
"21-Mar, 2013",290,"$2,605.37"
"22-Mar, 2013",544,"$5,126.28"
"23-Mar, 2013",518,"$4,728.63"
"24-Mar, 2013",474,"$4,154.77"
"25-Mar, 2013",339,"$3,059.81"
"26-Mar, 2013",332,"$3,047.83"
"27-Mar, 2013",451,"$3,979.54"
"28-Mar, 2013",422,"$3,761.17"
"29-Mar, 2013",638,"$5,808.98"
"30-Mar, 2013",553,"$4,936.41"
"31-Mar, 2013",401,"$3,778.30"
"01-Apr, 2013",249,"$2,219.39"
"02-Apr, 2013",228,"$2,011.21"
"03-Apr, 2013",321,"$2,897.59"
"04-Apr, 2013",338,"$3,068.11"
"05-Apr, 2013",628,"$5,771.38"
"06-Apr, 2013",569,"$5,183.52"
"07-Apr, 2013",420,"$3,854.78"
"08-Apr, 2013",234,"$2,070.53"
"09-Apr, 2013",336,"$3,076.31"
"10-Apr, 2013",306,"$2,813.21"
"11-Apr, 2013",331,"$2,990.53"
"12-Apr, 2013",714,"$6,622.36"
"13-Apr, 2013",629,"$5,709.65"
"14-Apr, 2013",511,"$4,664.79"
"15-Apr, 2013",296,"$2,776.94"
"16-Apr, 2013",307,"$2,791.43"
"17-Apr, 2013",346,"$3,097.87"
"18-Apr, 2013",357,"$3,281.59"
"19-Apr, 2013",607,"$5,628.47"
"20-Apr, 2013",573,"$5,228.43"
"21-Apr, 2013",471,"$4,230.92"
"22-Apr, 2013",247,"$2,215.51"
"23-Apr, 2013",261,"$2,398.01"
"24-Apr, 2013",286,"$2,624.52"
"25-Apr, 2013",299,"$2,732.04"
"26-Apr, 2013",552,"$5,027.76"
"27-Apr, 2013",541,"$5,040.95"
"28-Apr, 2013",469,"$4,219.45"
"29-Apr, 2013",247,"$2,221.06"
"30-Apr, 2013",290,"$2,678.35"
"01-May, 2013",366,"$3,270.23"
"02-May, 2013",363,"$3,366.97"
"03-May, 2013",567,"$5,126.89"
"04-May, 2013",570,"$5,244.77"
"05-May, 2013",365,"$3,296.63"
"06-May, 2013",222,"$1,887.46"
"07-May, 2013",280,"$2,444.86"
"08-May, 2013",235,"$2,193.88"
"09-May, 2013",349,"$3,154.38"
"10-May, 2013",598,"$5,598.32"
"11-May, 2013",694,"$6,236.07"
"12-May, 2013",921,"$8,709.32"